{
  "implemented": true,
  "name": "Koraidon",
  "nationalPokedexNumber": 1007,
  "primaryType": "fighting",
  "secondaryType": "dragon",
  "abilities": [
    "orichalcumpulse"
  ],
  "baseStats": {
    "hp": 100,
    "attack": 135,
    "defence": 115,
    "special_attack": 85,
    "special_defence": 100,
    "speed": 135
  },
  "catchRate": 3,
  "maleRatio": -1,
  "baseExperienceYield": 335,
  "baseFriendship": 0,
  "evYield": {
    "hp": 0,
    "attack": 3,
    "defence": 0,
    "special_attack": 0,
    "special_defence": 0,
    "speed": 0
  },
  "experienceGroup": "slow",
  "eggCycles": 50,
  "eggGroups": [
    "undiscovered"
  ],
  "moves": [
    "1:breakingswipe",
    "1:sunnyday",
    "7:rocksmash",
    "14:ancientpower",
    "21:drainpunch",
    "28:brickbreak",
    "35:agility",
    "42:dragonclaw",
    "49:flamethrower",
    "56:collisioncourse",
    "63:screech",
    "70:counter",
    "77:outrage",
    "84:closecombat",
    "91:flareblitz",
    "98:gigaimpact",
    "tm:acrobatics",
    "tm:agility",
    "tm:bodypress",
    "tm:bodyslam",
    "tm:breakingswipe",
    "tm:brickbreak",
    "tm:bulkup",
    "tm:bulldoze",
    "tm:closecombat",
    "tm:crunch",
    "tm:dig",
    "tm:doubleedge",
    "tm:dracometeor",
    "tm:dragoncheer",
    "tm:dragonclaw",
    "tm:dragonpulse",
    "tm:dragontail",
    "tm:drainpunch",
    "tm:dualwingbeat",
    "tm:endure",
    "tm:facade",
    "tm:fireblast",
    "tm:firefang",
    "tm:firespin",
    "tm:flamecharge",
    "tm:flamethrower",
    "tm:flareblitz",
    "tm:focusblast",
    "tm:focuspunch",
    "tm:gigaimpact",
    "tm:heatcrash",
    "tm:heatwave",
    "tm:heavyslam",
    "tm:helpinghand",
    "tm:hyperbeam",
    "tm:icefang",
    "tm:ironhead",
    "tm:lowkick",
    "tm:lowsweep",
    "tm:meteorbeam",
    "tm:mudshot",
    "tm:mudslap",
    "tm:outrage",
    "tm:overheat",
    "tm:protect",
    "tm:rest",
    "tm:reversal",
    "tm:roar",
    "tm:scaleshot",
    "tm:scaryface",
    "tm:shadowclaw",
    "tm:sleeptalk",
    "tm:snarl",
    "tm:solarbeam",
    "tm:stompingtantrum",
    "tm:substitute",
    "tm:sunnyday",
    "tm:swordsdance",
    "tm:takedown",
    "tm:taunt",
    "tm:temperflare",
    "tm:terablast",
    "tm:thunderfang",
    "tm:uproar",
    "tm:uturn",
    "tm:wildcharge",
    "tm:zenheadbutt"
  ],
  "labels": [
    "gen9",
    "legendary"
  ],
  "aspects": [],
  "height": 25,
  "weight": 3030,
  "evolutions": [
    {
      "id": "koraidon_koraidonpd",
      "variant": "level_up",
      "result": "koraidonpd",
      "consumeHeldItem": false,
      "learnableMoves": [],
      "requirements": [
        {
          "variant": "level",
          "minLevel": 1
        }
      ]
    }
  ],
  "baseScale": 1.5,
  "hitbox": {
    "width": 2,
    "height": 2.5,
    "fixed": false
  },
  "cannotDynamax": false,
  "pokedex": [
    "cobblemon.species.koraidon.desc"
  ]
}
