{
  "nationalPokedexNumber": 483,
  "name": "Dialga",
  "primaryType": "steel",
  "secondaryType": "dragon",
  "maleRatio": -1,
  "height": 54,
  "weight": 6830,
  "pokedex": [
    "cobblemon.species.dialga.desc"
  ],
  "labels": [
    "gen4",
    "legendary",
    "restricted"
  ],
  "aspects": [
    "altered-forme"
  ],
  "abilities": [
    "pressure",
    "h:telepathy"
  ],
  "eggGroups": [
    "undiscovered"
  ],
  "baseStats": {
    "hp": 100,
    "attack": 120,
    "defence": 120,
    "special_attack": 150,
    "special_defence": 100,
    "speed": 90
  },
  "evYield": {
    "hp": 0,
    "attack": 0,
    "defence": 0,
    "special_attack": 3,
    "special_defence": 0,
    "speed": 0
  },
  "baseExperienceYield": 340,
  "experienceGroup": "slow",
  "catchRate": 3,
  "eggCycles": 120,
  "baseFriendship": 0,
  "baseScale": 0.85,
  "hitbox": {
    "width": 1,
    "height": 1,
    "fixed": false
  },
  "moves": [
    "1:scaryface",
    "1:metalclaw",
    "8:dragonbreath",
    "16:ancientpower",
    "24:slash",
    "32:flashcannon",
    "40:dragonclaw",
    "48:aurasphere",
    "56:powergem",
    "64:metalburst",
    "72:earthpower",
    "80:irontail",
    "88:roaroftime",
    "tm:ancientpower",
    "tm:aurasphere",
    "tm:blizzard",
    "tm:bodypress",
    "tm:bodyslam",
    "tm:breakingswipe",
    "tm:brickbreak",
    "tm:bulkup",
    "tm:bulldoze",
    "tm:cut",
    "tm:dracometeor",
    "tm:dragonclaw",
    "tm:dragonpulse",
    "tm:dragontail",
    "tm:earthpower",
    "tm:earthquake",
    "tm:echoedvoice",
    "tm:endure",
    "tm:facade",
    "tm:fireblast",
    "tm:flamethrower",
    "tm:flash",
    "tm:flashcannon",
    "tm:focusblast",
    "tm:furycutter",
    "tm:gigaimpact",
    "tm:gravity",
    "tm:headbutt",
    "tm:heavyslam",
    "tm:honeclaws",
    "tm:hyperbeam",
    "tm:hypervoice",
    "tm:icebeam",
    "tm:incinerate",
    "tm:irondefense",
    "tm:ironhead",
    "tm:irontail",
    "tm:magnetrise",
    "tm:metalclaw",
    "tm:metalsound",
    "tm:outrage",
    "tm:overheat",
    "tm:powergem",
    "tm:protect",
    "tm:psychup",
    "tm:raindance",
    "tm:rest",
    "tm:roar",
    "tm:rockslide",
    "tm:rocksmash",
    "tm:rocktomb",
    "tm:safeguard",
    "tm:sandstorm",
    "tm:scaleshot",
    "tm:scaryface",
    "tm:shadowclaw",
    "tm:shockwave",
    "tm:sleeptalk",
    "tm:stealthrock",
    "tm:steelbeam",
    "tm:stompingtantrum",
    "tm:stoneedge",
    "tm:strength",
    "tm:substitute",
    "tm:sunnyday",
    "tm:swift",
    "tm:takedown",
    "tm:terablast",
    "tm:thunder",
    "tm:thunderbolt",
    "tm:thunderwave",
    "tm:trick",
    "tm:trickroom",
    "tm:twister",
    "tutor:ancientpower",
    "tutor:bulkup",
    "tutor:bulldoze",
    "tutor:dracometeor",
    "tutor:dragonpulse",
    "tutor:earthpower",
    "tutor:flamethrower",
    "tutor:flashcannon",
    "tutor:furycutter",
    "tutor:gigaimpact",
    "tutor:gravity",
    "tutor:hyperbeam",
    "tutor:hypervoice",
    "tutor:icebeam",
    "tutor:irondefense",
    "tutor:ironhead",
    "tutor:irontail",
    "tutor:magnetrise",
    "tutor:outrage",
    "tutor:rest",
    "tutor:rockslide",
    "tutor:rocksmash",
    "tutor:scaleshot",
    "tutor:shadowclaw",
    "tutor:shockwave",
    "tutor:sleeptalk",
    "tutor:stealthrock",
    "tutor:steelbeam",
    "tutor:stompingtantrum",
    "tutor:stoneedge",
    "tutor:swift",
    "tutor:thunderbolt",
    "tutor:trick",
    "tutor:twister"
  ],
  "evolutions": [
    {
      "id": "dialga_o",
      "variant": "level_up",
      "result": "dialga orb_forme=origin",
      "consumeHeldItem": false,
      "learnableMoves": [],
      "requirements": [
        {
          "variant": "held_item",
          "itemCondition": "cobblemon:dawn_stone"
        }
      ]
    }
  ],
  "forms": [
    {
      "name": "Origin",
      "primaryType": "steel",
      "secondaryType": "dragon",
      "maleRatio": -1,
      "height": 70,
      "weight": 8500,
      "baseScale": 0.85,
      "pokedex": [
        "cobblemon.species.dialga-origin.desc"
      ],
      "labels": [
        "gen8a",
        "legendary",
        "restricted"
      ],
      "aspects": [
        "origin-forme"
      ],
      "baseStats": {
        "hp": 100,
        "attack": 100,
        "defence": 120,
        "special_attack": 150,
        "special_defence": 120,
        "speed": 90
      },
      "moves": [
        "1:scaryface",
        "1:metalclaw",
        "8:dragonbreath",
        "16:ancientpower",
        "24:slash",
        "32:flashcannon",
        "40:dragonclaw",
        "48:aurasphere",
        "56:powergem",
        "64:metalburst",
        "72:earthpower",
        "80:irontail",
        "88:roaroftime",
        "tm:ancientpower",
        "tm:aurasphere",
        "tm:blizzard",
        "tm:bodypress",
        "tm:bodyslam",
        "tm:breakingswipe",
        "tm:brickbreak",
        "tm:bulkup",
        "tm:bulldoze",
        "tm:dracometeor",
        "tm:dragonclaw",
        "tm:dragonpulse",
        "tm:dragontail",
        "tm:earthpower",
        "tm:earthquake",
        "tm:endure",
        "tm:facade",
        "tm:fireblast",
        "tm:flamethrower",
        "tm:flashcannon",
        "tm:focusblast",
        "tm:gigaimpact",
        "tm:gravity",
        "tm:heavyslam",
        "tm:hyperbeam",
        "tm:hypervoice",
        "tm:icebeam",
        "tm:irondefense",
        "tm:ironhead",
        "tm:irontail",
        "tm:metalclaw",
        "tm:metalsound",
        "tm:outrage",
        "tm:overheat",
        "tm:powergem",
        "tm:protect",
        "tm:psychup",
        "tm:raindance",
        "tm:rest",
        "tm:roar",
        "tm:rockslide",
        "tm:rocksmash",
        "tm:rocktomb",
        "tm:sandstorm",
        "tm:scaleshot",
        "tm:scaryface",
        "tm:shadowclaw",
        "tm:sleeptalk",
        "tm:stealthrock",
        "tm:steelbeam",
        "tm:stompingtantrum",
        "tm:stoneedge",
        "tm:substitute",
        "tm:sunnyday",
        "tm:swift",
        "tm:takedown",
        "tm:terablast",
        "tm:thunder",
        "tm:thunderbolt",
        "tm:thunderwave",
        "tm:trick",
        "tm:trickroom",
        "tutor:ancientpower",
        "tutor:bulkup",
        "tutor:bulldoze",
        "tutor:dracometeor",
        "tutor:dragonpulse",
        "tutor:earthpower",
        "tutor:flamethrower",
        "tutor:flashcannon",
        "tutor:gigaimpact",
        "tutor:gravity",
        "tutor:hyperbeam",
        "tutor:hypervoice",
        "tutor:icebeam",
        "tutor:irondefense",
        "tutor:ironhead",
        "tutor:irontail",
        "tutor:outrage",
        "tutor:rest",
        "tutor:rockslide",
        "tutor:rocksmash",
        "tutor:scaleshot",
        "tutor:shadowclaw",
        "tutor:sleeptalk",
        "tutor:stealthrock",
        "tutor:steelbeam",
        "tutor:stompingtantrum",
        "tutor:stoneedge",
        "tutor:swift",
        "tutor:thunderbolt",
        "tutor:trick"
      ],
      "evolutions": [
        {
          "id": "dialga_o_r",
          "variant": "level_up",
          "result": "dialga orb_forme=altered",
          "consumeHeldItem": false,
          "learnableMoves": [],
          "requirements": [
            {
              "variant": "held_item",
              "itemCondition": "cobblemon:dawn_stone"
            }
          ]
        }
      ],
      "battleOnly": false
    }
  ]
}